INSERT INTO "users" (id,email,name,password_digest,created_at) VALUES (1,'condimentum.eget@porttitor.edu','Joelle Long','RGJ99ABN5TE','2017-01-20 22:02:58'),(2,'nostra.per@euodio.net','Leila Savage','VTZ76WPN0PS','2015-10-28 20:28:26'),(3,'at.egestas.a@Utnec.com','Quintessa Burke','EHJ81ZRR5ED','2015-08-09 04:30:51'),(4,'commodo.tincidunt.nibh@ullamcorper.edu','Eve Harrell','NNY56IAA4BS','2016-06-04 03:28:07'),(5,'amet.risus@ultriciesdignissimlacus.com','Sydnee Pace','HLA80EML3RA','2015-12-14 15:25:22'),(6,'velit@quamdignissimpharetra.com','Macey Hancock','LEF24UZW4RJ','2016-07-28 06:15:45'),(7,'et.arcu.imperdiet@vestibulumlorem.edu','Sara Sanford','EYE95UDH8NT','2016-02-27 23:31:06'),(8,'Morbi.non@ornareelit.net','Angelica Lloyd','WLG06JUT6TJ','2016-01-28 18:14:44'),(9,'mattis@quisurnaNunc.edu','Larissa Mitchell','AQL72FSO2GV','2016-09-08 05:09:26'),(10,'posuere.enim.nisl@commodoauctor.org','Iona Riddle','YCY93HXK6DZ','2016-05-07 02:20:35');
INSERT INTO "users" (id,email,name,password_digest,created_at) VALUES (11,'sem@tinciduntadipiscingMauris.edu','Clare Wong','DWZ60YDK9FH','2017-01-19 03:02:51'),(12,'magna.malesuada.vel@sem.ca','Mollie Roberts','OAT39DXK8TB','2016-03-20 10:03:16'),(13,'sed.tortor@egestasadui.org','Cheryl Gordon','VWI61EZV2IP','2016-07-14 12:53:06'),(14,'rhoncus.Proin.nisl@Craseutellus.edu','Anastasia King','QOK83EQM0XU','2015-06-13 09:13:03'),(15,'pede@dolorvitaedolor.co.uk','Odette Hensley','ABB55PAB0FD','2015-12-01 02:42:06'),(16,'dignissim@eunullaat.com','Sophia Long','FGP33PNU1JH','2016-07-18 03:33:11'),(17,'amet.consectetuer@sitametconsectetuer.ca','Kyra Carver','SZN90DRY5AG','2017-01-27 22:36:04'),(18,'ipsum.dolor@sitametante.com','Echo Alford','PVV13AHN8OU','2015-06-27 20:24:23'),(19,'est.tempor@velarcu.co.uk','Dahlia Cross','YWV13HQH3QS','2016-01-11 22:15:47'),(20,'aliquet@leoelementumsem.co.uk','Ria Gillespie','ORX86IOA5JX','2015-07-07 09:08:34');
INSERT INTO "users" (id,email,name,password_digest,created_at) VALUES (21,'sit@Aliquamtincidunt.com','Lynn Ayers','BXZ87HFM3WV','2016-09-27 23:56:22'),(22,'ipsum.dolor.sit@eumetusIn.co.uk','Veda Patel','QML46ITR3EE','2015-11-19 12:51:20'),(23,'in.lobortis.tellus@primisin.co.uk','Aretha Meyer','TTR60IRT5EC','2016-03-18 09:50:46'),(24,'Cras.vehicula.aliquet@est.ca','Deirdre Gilbert','VYK25TAK3KU','2017-04-05 13:27:15'),(25,'luctus.ipsum.leo@Maecenasmalesuada.ca','Nina Armstrong','IAQ28CJO0OK','2016-03-29 19:46:37'),(26,'Donec.egestas.Aliquam@fames.com','Nichole Hicks','MBU64FRX3AZ','2016-05-29 14:04:32'),(27,'ligula.Aenean.gravida@aliquet.com','Amber Mathis','KIA56LNB3TT','2016-01-01 10:23:36'),(28,'Mauris.magna.Duis@dapibusligulaAliquam.edu','Shafira Everett','HUH10RPN6WV','2017-01-25 01:33:53'),(29,'eu.accumsan.sed@velvenenatis.edu','Aimee Trujillo','CNH79DAY9UF','2016-05-15 08:35:05'),(30,'convallis.in@elitpellentesque.ca','Kendall Watts','OSV05FJS2QV','2016-10-13 23:15:48');
INSERT INTO "users" (id,email,name,password_digest,created_at) VALUES (31,'ante.dictum.cursus@malesuada.org','Lesley Reynolds','HXC89TDZ1CH','2016-04-29 16:58:23'),(32,'ornare.In@nonummyutmolestie.co.uk','Gemma Dunn','PJE68SXI7NT','2015-12-24 02:55:01'),(33,'mauris.erat.eget@nibhDonec.net','Selma Blackburn','YRO13FIR1LI','2016-06-03 21:11:46'),(34,'et.ipsum@Nunc.org','Charlotte Clay','YNO34BKU0MI','2015-08-05 21:28:21'),(35,'ipsum.Suspendisse.non@mattisornare.com','Britanni King','AJJ46CPO9EL','2015-08-13 12:24:42'),(36,'netus.et.malesuada@odioAliquamvulputate.edu','Fallon Padilla','KNH16BPE0BG','2016-07-10 08:07:33'),(37,'quis@a.ca','Sloane Walters','UJB05CBM1DK','2015-11-05 08:36:05'),(38,'parturient.montes@tempus.net','Sloane Ratliff','YFE62MHH0XI','2016-07-31 23:39:53'),(39,'velit.in@dolorFusce.net','Nora Livingston','YPV35YAI6BC','2015-12-02 13:16:58'),(40,'velit.Aliquam.nisl@Pellentesqueultriciesdignissim.com','Katell West','LYR77UYI4KC','2015-07-27 02:06:59');
INSERT INTO "users" (id,email,name,password_digest,created_at) VALUES (41,'elit.a.feugiat@pellentesque.com','Deborah Mccarty','YSD74WNY7BZ','2017-01-26 07:23:19'),(42,'dis@metussitamet.edu','Tatum Woods','BDE91UXH7OE','2015-08-20 00:25:49'),(43,'ipsum.dolor@idmollis.com','Virginia Sawyer','MRF99GYH9GK','2015-08-01 07:20:27'),(44,'non.hendrerit.id@dictummiac.org','Brittany Wheeler','IAR90RLV6OG','2016-04-01 01:34:19'),(45,'varius.et.euismod@orciadipiscingnon.com','Aurelia Delacruz','SCM65KPQ4SC','2016-05-16 09:44:00'),(46,'Aliquam.gravida.mauris@etpedeNunc.ca','Marah Cantrell','SJI48WSN6TF','2016-01-06 09:54:39'),(47,'venenatis.a.magna@Donecvitaeerat.net','Gemma Klein','NGO25ATI7YW','2016-03-30 14:25:56'),(48,'tempor.lorem.eget@nonmagna.net','Wanda Dillard','FYL33HSK5DJ','2015-04-29 11:47:29'),(49,'nulla.Cras.eu@nibh.co.uk','Kaden Butler','VUT06UQE3YH','2016-05-21 00:28:39'),(50,'fermentum@duinectempus.ca','MacKensie Galloway','FIB52PPC2YD','2016-11-30 03:05:37');
INSERT INTO "users" (id,email,name,password_digest,created_at) VALUES (51,'vel.nisl.Quisque@ut.com','Deirdre Gill','NJE71JTB3NM','2016-07-16 11:59:52'),(52,'at.fringilla@Donec.org','Wilma Cantu','XXN16NYX2IK','2017-03-18 15:51:09'),(53,'nunc.nulla.vulputate@Sedpharetrafelis.co.uk','Celeste Gilbert','RZT85XGW6JQ','2015-10-24 12:26:48'),(54,'Donec@sitametrisus.net','Carly Sellers','LVX92CZS4ZV','2016-06-23 23:49:49'),(55,'Curabitur.egestas.nunc@diamdictum.ca','Madonna Lawson','PWH49INK5GM','2015-10-30 19:02:50'),(56,'purus.in.molestie@accumsaninterdum.co.uk','Amy Martin','UJG11RQP4UG','2015-10-06 18:26:38'),(57,'euismod@dignissim.edu','Macey Erickson','CYW74VZV5YX','2016-01-20 13:55:26'),(58,'sociis.natoque@Donec.org','Kylie Langley','LIN99PBW4XI','2016-07-11 02:36:17'),(59,'eu.eros.Nam@Crasdictum.org','Myra Castro','RDT12EOA4XJ','2016-04-05 15:41:54'),(60,'iaculis.nec.eleifend@Phasellus.net','Jolene Byrd','NPT04KAO7DV','2016-08-25 09:37:40');
INSERT INTO "users" (id,email,name,password_digest,created_at) VALUES (61,'fringilla.euismod@urnaet.ca','Briar Rodgers','QKN74IBO2MA','2016-11-14 21:41:48'),(62,'enim.Suspendisse@ultricessit.edu','Dara Briggs','WIW04WMH2HR','2016-06-01 08:13:35'),(63,'quis.lectus@posuere.ca','Breanna Clemons','XSB34KVA8LL','2016-10-17 07:02:35'),(64,'augue.scelerisque@sit.com','Heidi Carrillo','APQ24FZQ1TG','2015-11-25 08:23:22'),(65,'luctus.aliquet.odio@viverra.co.uk','Olivia Delacruz','WLK31RHK0LE','2015-08-15 23:05:02'),(66,'pretium.neque.Morbi@necmollis.org','Velma Burris','LJR48LGV2GX','2015-06-28 20:36:26'),(67,'libero@magnaa.com','Fredericka Webb','GEJ84WBC5OA','2016-07-14 02:19:05'),(68,'eget.metus.eu@mattisCras.edu','Fleur Meyer','ZSS83OOA6JT','2017-02-20 00:25:06'),(69,'Maecenas.malesuada@vehicula.edu','Katelyn Phelps','HCS83IWL6MJ','2015-10-16 10:27:16'),(70,'nec@interdumfeugiatSed.org','Nerea Davis','PEK36WTL9FS','2016-03-10 05:28:49');
INSERT INTO "users" (id,email,name,password_digest,created_at) VALUES (71,'Sed.eu.eros@tempus.co.uk','Inga Dillon','MID93GQP7FR','2016-10-20 01:17:38'),(72,'fringilla@placerat.co.uk','Teegan Boyd','NSC14NAK7RW','2016-01-26 07:12:11'),(73,'sit.amet.lorem@vestibulumMauris.net','Wynne Grimes','LQH52GGS1QY','2016-02-04 18:14:13'),(74,'mi@nisidictumaugue.ca','Dacey Deleon','EQZ28NOA2PI','2015-12-05 16:21:46'),(75,'ultricies.sem@varius.net','Zoe Conley','VGN35DGI7IZ','2016-09-25 13:58:20'),(76,'Donec@nequenon.co.uk','Fallon Stephens','DEM32WBB2XH','2016-02-23 23:36:08'),(77,'dolor.tempus@pedeblandit.edu','Briar Gaines','WME04XZY2IH','2016-02-19 19:57:27'),(78,'mattis@semperpretium.edu','Hanna Cunningham','SJJ24WMW3ID','2017-03-19 08:12:02'),(79,'amet@idnuncinterdum.edu','Iona Cross','CRM16CPI7HT','2016-02-07 08:11:50'),(80,'ligula.Nullam.feugiat@urnaet.org','Jordan Michael','OUA70JBR6SY','2015-08-31 10:12:28');
INSERT INTO "users" (id,email,name,password_digest,created_at) VALUES (81,'nec@diamat.co.uk','Imelda Fuller','HKA78UKU5ME','2015-12-15 12:10:16'),(82,'Proin.sed.turpis@Maurisquis.com','Rhiannon Douglas','HPQ71QLX7CD','2017-02-26 01:54:35'),(83,'quam.Pellentesque@ipsum.com','Desirae Schultz','FRU36FPL5VS','2015-09-01 20:58:51'),(84,'Proin.ultrices@miDuisrisus.co.uk','Brooke Contreras','PPF65OTI3LA','2017-04-02 00:08:50'),(85,'erat.eget.ipsum@sedsapienNunc.edu','Cameron Pena','TNQ97TJS9ZF','2016-01-07 16:42:44'),(86,'tempus.risus@nullaIntegervulputate.co.uk','Clio Evans','MJM41KWL2KW','2015-06-21 14:23:02'),(87,'non.enim.Mauris@metus.ca','Brittany Salas','ZCV99YAQ1YA','2016-01-07 13:02:54'),(88,'dis.parturient@Quisqueac.com','Destiny Mitchell','MEL98TKF6WA','2016-08-29 01:10:13'),(89,'faucibus.leo.in@vitaenibhDonec.edu','Kellie Joseph','DMJ61EEP5WK','2015-11-18 11:19:29'),(90,'quis@ridiculusmusAenean.com','Melanie Clay','JAH83VOJ7PH','2015-04-17 12:40:35');
INSERT INTO "users" (id,email,name,password_digest,created_at) VALUES (91,'Nullam.vitae.diam@ametconsectetuer.org','Urielle Miles','QQF81PFO1ID','2015-11-29 07:49:32'),(92,'nisi@elitpharetraut.edu','Lila Webb','VXK23VJC3QD','2016-07-20 21:13:31'),(93,'Nullam.nisl.Maecenas@lectus.co.uk','Latifah Mckenzie','YNU81MJE6RW','2016-11-05 18:24:59'),(94,'amet.nulla.Donec@Curabitur.com','Echo Padilla','MKV54PHJ3WF','2016-03-03 09:44:21'),(95,'malesuada.vel.venenatis@tinciduntpedeac.com','Tana Durham','MNH57AXR6HB','2015-06-06 09:05:05'),(96,'a@a.ca','Gillian Cantrell','FNA69RPP3PP','2016-08-16 14:33:22'),(97,'odio@nibhAliquamornare.co.uk','Eve Cook','FVM99CZQ9CY','2015-08-06 11:47:34'),(98,'In.scelerisque.scelerisque@Curae.org','Quintessa Snow','HCH36HVI5KE','2015-12-25 07:45:19'),(99,'ipsum.Suspendisse.sagittis@dolordolortempus.net','Kathleen Mcknight','OEM65PVQ9LU','2016-07-14 09:44:06'),(100,'natoque.penatibus@Ut.co.uk','Mikayla Bush','ZKW88FYL0WK','2015-11-02 00:06:16');

INSERT INTO "posts" (id,message,user_id,created_at) VALUES (1,'massa rutrum magna. Cras convallis convallis dolor. Quisque',48,'2017-01-22 14:12:34');
INSERT INTO "posts" (id,message,user_id,created_at) VALUES (2,'magna. Suspendisse',53,'2017-02-01 06:26:14');
INSERT INTO "posts" (id,message,user_id,created_at) VALUES (3,'massa.',27,'2016-06-16 20:35:13');
INSERT INTO "posts" (id,message,user_id,created_at) VALUES (4,'eleifend egestas. Sed pharetra, felis eget varius ultrices, mauris',5,'2016-10-25 07:56:16');
INSERT INTO "posts" (id,message,user_id,created_at) VALUES (5,'Proin velit. Sed malesuada augue ut lacus. Nulla tincidunt, neque',7,'2016-04-28 11:35:06');
INSERT INTO "posts" (id,message,user_id,created_at) VALUES (6,'ultricies dignissim lacus. Aliquam',53,'2016-08-02 10:59:10');
INSERT INTO "posts" (id,message,user_id,created_at) VALUES (7,'Quisque',3,'2015-11-08 09:16:21');
INSERT INTO "posts" (id,message,user_id,created_at) VALUES (8,'porttitor eros nec tellus. Nunc lectus pede, ultrices',45,'2015-05-21 12:10:37');
INSERT INTO "posts" (id,message,user_id,created_at) VALUES (9,'sed dolor. Fusce mi lorem, vehicula et, rutrum eu, ultrices',5,'2016-12-24 16:01:22');
INSERT INTO "posts" (id,message,user_id,created_at) VALUES (10,'vel turpis. Aliquam',52,'2015-06-09 04:03:59');
INSERT INTO "posts" (id,message,user_id,created_at) VALUES (11,'magna. Ut tincidunt orci quis lectus. Nullam',15,'2016-09-06 05:02:06');
INSERT INTO "posts" (id,message,user_id,created_at) VALUES (12,'felis. Donec tempor, est ac mattis semper,',58,'2015-04-28 14:40:41');
INSERT INTO "posts" (id,message,user_id,created_at) VALUES (13,'blandit at, nisi. Cum sociis',36,'2016-08-27 16:11:43');
INSERT INTO "posts" (id,message,user_id,created_at) VALUES (14,'pede nec ante blandit viverra. Donec',31,'2015-05-06 11:03:17');
INSERT INTO "posts" (id,message,user_id,created_at) VALUES (15,'orci quis lectus. Nullam suscipit,',42,'2016-12-16 10:18:22');
INSERT INTO "posts" (id,message,user_id,created_at) VALUES (16,'feugiat. Lorem ipsum',26,'2016-01-22 14:15:55');
INSERT INTO "posts" (id,message,user_id,created_at) VALUES (17,'molestie',49,'2016-05-20 07:35:38');
INSERT INTO "posts" (id,message,user_id,created_at) VALUES (18,'a purus. Duis elementum, dui quis accumsan',46,'2015-05-10 06:11:55');
INSERT INTO "posts" (id,message,user_id,created_at) VALUES (19,'dis',45,'2017-01-18 05:58:59');
INSERT INTO "posts" (id,message,user_id,created_at) VALUES (20,'mauris elit, dictum eu, eleifend nec, malesuada ut, sem. Nulla',44,'2015-06-05 16:24:11');
INSERT INTO "posts" (id,message,user_id,created_at) VALUES (21,'non, luctus sit amet, faucibus',25,'2016-10-28 06:25:48');
INSERT INTO "posts" (id,message,user_id,created_at) VALUES (22,'justo. Proin non massa non ante bibendum ullamcorper. Duis cursus,',57,'2017-03-07 23:30:53');
INSERT INTO "posts" (id,message,user_id,created_at) VALUES (23,'ante ipsum primis in faucibus orci luctus et',48,'2016-12-11 21:30:25');
INSERT INTO "posts" (id,message,user_id,created_at) VALUES (24,'lobortis. Class aptent taciti sociosqu ad litora',52,'2016-03-09 03:03:43');
INSERT INTO "posts" (id,message,user_id,created_at) VALUES (25,'Fusce feugiat. Lorem ipsum dolor sit amet, consectetuer adipiscing elit.',21,'2015-12-01 11:37:43');
INSERT INTO "posts" (id,message,user_id,created_at) VALUES (26,'aliquet nec, imperdiet nec, leo. Morbi neque tellus,',41,'2016-11-13 15:28:17');
INSERT INTO "posts" (id,message,user_id,created_at) VALUES (27,'tellus lorem eu metus. In lorem. Donec',17,'2015-06-15 17:10:42');
INSERT INTO "posts" (id,message,user_id,created_at) VALUES (28,'Nunc mauris. Morbi non sapien molestie',2,'2016-05-17 19:50:36');
INSERT INTO "posts" (id,message,user_id,created_at) VALUES (29,'hendrerit neque. In ornare sagittis felis. Donec tempor,',39,'2016-02-18 17:23:01');
INSERT INTO "posts" (id,message,user_id,created_at) VALUES (30,'odio. Etiam ligula tortor, dictum eu, placerat eget, venenatis',50,'2016-02-11 10:23:09');
INSERT INTO "posts" (id,message,user_id,created_at) VALUES (31,'nisi sem semper erat, in consectetuer ipsum',54,'2015-12-09 14:55:44');
INSERT INTO "posts" (id,message,user_id,created_at) VALUES (32,'massa. Integer vitae nibh. Donec est mauris,',55,'2016-01-20 02:50:07');
INSERT INTO "posts" (id,message,user_id,created_at) VALUES (33,'massa lobortis ultrices. Vivamus rhoncus. Donec est. Nunc ullamcorper,',41,'2016-03-25 15:46:19');
INSERT INTO "posts" (id,message,user_id,created_at) VALUES (34,'In scelerisque scelerisque dui. Suspendisse ac metus vitae velit egestas',54,'2016-01-06 13:12:27');
INSERT INTO "posts" (id,message,user_id,created_at) VALUES (35,'consequat enim diam vel arcu. Curabitur ut odio',11,'2016-07-28 05:53:45');
INSERT INTO "posts" (id,message,user_id,created_at) VALUES (36,'ut nisi a odio semper cursus. Integer mollis.',16,'2015-08-06 00:49:30');
INSERT INTO "posts" (id,message,user_id,created_at) VALUES (37,'eu, ligula. Aenean euismod mauris eu elit. Nulla facilisi. Sed',54,'2016-10-14 09:20:19');
INSERT INTO "posts" (id,message,user_id,created_at) VALUES (38,'mollis. Phasellus libero mauris, aliquam eu, accumsan sed,',41,'2016-10-10 08:13:14');
INSERT INTO "posts" (id,message,user_id,created_at) VALUES (39,'enim consequat purus.',60,'2016-02-16 21:11:17');
INSERT INTO "posts" (id,message,user_id,created_at) VALUES (40,'dignissim tempor arcu. Vestibulum ut',39,'2015-08-29 18:25:19');
INSERT INTO "posts" (id,message,user_id,created_at) VALUES (41,'nec, cursus a, enim. Suspendisse aliquet, sem ut',47,'2016-06-30 03:49:20');
INSERT INTO "posts" (id,message,user_id,created_at) VALUES (42,'lacus. Quisque imperdiet,',58,'2015-04-18 20:39:40');
INSERT INTO "posts" (id,message,user_id,created_at) VALUES (43,'malesuada id, erat. Etiam vestibulum massa rutrum magna. Cras convallis',51,'2016-06-27 13:40:08');
INSERT INTO "posts" (id,message,user_id,created_at) VALUES (44,'lobortis quam a',1,'2015-06-07 13:57:44');
INSERT INTO "posts" (id,message,user_id,created_at) VALUES (45,'dictum. Phasellus in felis. Nulla',31,'2015-07-26 11:45:24');
INSERT INTO "posts" (id,message,user_id,created_at) VALUES (46,'tristique senectus et netus et malesuada fames ac turpis egestas.',41,'2015-06-24 14:43:13');
INSERT INTO "posts" (id,message,user_id,created_at) VALUES (47,'dolor quam, elementum at, egestas a, scelerisque sed,',28,'2015-06-11 13:10:47');
INSERT INTO "posts" (id,message,user_id,created_at) VALUES (48,'vestibulum.',58,'2015-11-04 05:22:10');
INSERT INTO "posts" (id,message,user_id,created_at) VALUES (49,'Etiam laoreet, libero et tristique pellentesque, tellus',44,'2015-07-28 10:13:01');
INSERT INTO "posts" (id,message,user_id,created_at) VALUES (50,'porttitor tellus non magna. Nam',14,'2016-06-19 02:47:12');
INSERT INTO "posts" (id,message,user_id,created_at) VALUES (51,'montes, nascetur ridiculus mus. Aenean eget magna. Suspendisse',18,'2016-07-16 22:38:04');
INSERT INTO "posts" (id,message,user_id,created_at) VALUES (52,'lectus sit',29,'2015-11-02 05:44:32');
INSERT INTO "posts" (id,message,user_id,created_at) VALUES (53,'ornare tortor at risus. Nunc ac sem ut',24,'2015-05-16 21:22:58');
INSERT INTO "posts" (id,message,user_id,created_at) VALUES (54,'nisi magna sed dui. Fusce aliquam, enim nec',38,'2016-10-26 06:36:18');
INSERT INTO "posts" (id,message,user_id,created_at) VALUES (55,'vestibulum, neque sed dictum eleifend,',29,'2016-06-01 07:54:31');
INSERT INTO "posts" (id,message,user_id,created_at) VALUES (56,'vitae odio sagittis semper. Nam tempor diam',16,'2015-04-14 12:35:10');
INSERT INTO "posts" (id,message,user_id,created_at) VALUES (57,'ac ipsum. Phasellus vitae mauris sit amet lorem',52,'2015-10-02 05:33:35');
INSERT INTO "posts" (id,message,user_id,created_at) VALUES (58,'arcu ac orci. Ut semper',58,'2017-03-27 10:55:14');
INSERT INTO "posts" (id,message,user_id,created_at) VALUES (59,'libero. Donec consectetuer mauris id sapien. Cras dolor',29,'2016-12-17 11:48:07');
INSERT INTO "posts" (id,message,user_id,created_at) VALUES (60,'amet, faucibus',6,'2016-11-08 03:17:46');
INSERT INTO "posts" (id,message,user_id,created_at) VALUES (61,'adipiscing non, luctus sit',43,'2015-06-23 18:12:34');
INSERT INTO "posts" (id,message,user_id,created_at) VALUES (62,'nisi.',57,'2015-04-13 17:02:38');
INSERT INTO "posts" (id,message,user_id,created_at) VALUES (63,'Nullam nisl. Maecenas malesuada fringilla est. Mauris eu',14,'2016-04-04 08:44:29');
INSERT INTO "posts" (id,message,user_id,created_at) VALUES (64,'montes, nascetur',40,'2016-11-15 00:04:34');
INSERT INTO "posts" (id,message,user_id,created_at) VALUES (65,'velit. Cras',43,'2016-06-12 18:53:57');
INSERT INTO "posts" (id,message,user_id,created_at) VALUES (66,'Donec felis orci, adipiscing non, luctus sit amet, faucibus ut,',49,'2016-09-01 14:23:20');
INSERT INTO "posts" (id,message,user_id,created_at) VALUES (67,'torquent per conubia nostra, per',23,'2016-06-20 07:15:19');
INSERT INTO "posts" (id,message,user_id,created_at) VALUES (68,'sed',42,'2016-04-14 10:56:16');
INSERT INTO "posts" (id,message,user_id,created_at) VALUES (69,'turpis. In condimentum. Donec at arcu. Vestibulum ante ipsum',14,'2016-05-05 16:09:25');
INSERT INTO "posts" (id,message,user_id,created_at) VALUES (70,'nec tempus scelerisque, lorem',1,'2016-12-11 01:42:39');
INSERT INTO "posts" (id,message,user_id,created_at) VALUES (71,'purus. Maecenas libero est, congue a, aliquet vel, vulputate',24,'2016-12-21 01:16:39');
INSERT INTO "posts" (id,message,user_id,created_at) VALUES (72,'urna suscipit nonummy. Fusce fermentum fermentum arcu. Vestibulum',37,'2017-03-04 15:18:19');
INSERT INTO "posts" (id,message,user_id,created_at) VALUES (73,'Integer in magna. Phasellus dolor',60,'2017-02-21 12:11:23');
INSERT INTO "posts" (id,message,user_id,created_at) VALUES (74,'Pellentesque ultricies dignissim lacus. Aliquam rutrum lorem ac risus. Morbi',7,'2015-05-30 01:42:26');
INSERT INTO "posts" (id,message,user_id,created_at) VALUES (75,'elit fermentum risus, at fringilla purus',50,'2015-07-25 06:04:06');
INSERT INTO "posts" (id,message,user_id,created_at) VALUES (76,'natoque penatibus et magnis dis parturient montes,',19,'2016-12-17 15:12:37');
INSERT INTO "posts" (id,message,user_id,created_at) VALUES (77,'est, vitae sodales nisi magna sed dui. Fusce',29,'2016-11-25 21:21:33');
INSERT INTO "posts" (id,message,user_id,created_at) VALUES (78,'libero.',36,'2015-12-07 02:55:04');
INSERT INTO "posts" (id,message,user_id,created_at) VALUES (79,'cubilia Curae; Phasellus ornare. Fusce mollis. Duis',59,'2015-04-23 22:33:08');
INSERT INTO "posts" (id,message,user_id,created_at) VALUES (80,'malesuada',49,'2015-10-15 18:40:36');
INSERT INTO "posts" (id,message,user_id,created_at) VALUES (81,'laoreet ipsum. Curabitur consequat, lectus',4,'2016-04-16 08:15:46');
INSERT INTO "posts" (id,message,user_id,created_at) VALUES (82,'Donec porttitor tellus non magna. Nam ligula',6,'2016-03-23 21:33:36');
INSERT INTO "posts" (id,message,user_id,created_at) VALUES (83,'ac sem ut dolor dapibus gravida.',29,'2016-02-22 23:34:41');
INSERT INTO "posts" (id,message,user_id,created_at) VALUES (84,'adipiscing ligula. Aenean gravida',40,'2016-10-18 15:17:15');
INSERT INTO "posts" (id,message,user_id,created_at) VALUES (85,'vulputate dui, nec',42,'2016-01-01 17:08:00');
INSERT INTO "posts" (id,message,user_id,created_at) VALUES (86,'Nam tempor diam dictum',25,'2015-08-27 16:19:12');
INSERT INTO "posts" (id,message,user_id,created_at) VALUES (87,'Quisque',34,'2016-04-19 13:50:35');
INSERT INTO "posts" (id,message,user_id,created_at) VALUES (88,'a purus. Duis elementum,',15,'2016-11-09 00:21:40');
INSERT INTO "posts" (id,message,user_id,created_at) VALUES (89,'conubia nostra, per',38,'2016-06-19 22:49:56');
INSERT INTO "posts" (id,message,user_id,created_at) VALUES (90,'nec tempus mauris erat',50,'2017-03-26 22:11:29');
INSERT INTO "posts" (id,message,user_id,created_at) VALUES (91,'nec, imperdiet nec, leo. Morbi neque tellus, imperdiet',21,'2016-01-03 22:55:12');
INSERT INTO "posts" (id,message,user_id,created_at) VALUES (92,'a neque. Nullam ut',1,'2016-04-29 00:02:52');
INSERT INTO "posts" (id,message,user_id,created_at) VALUES (93,'ante dictum mi, ac mattis velit',35,'2016-10-18 04:41:18');
INSERT INTO "posts" (id,message,user_id,created_at) VALUES (94,'facilisis facilisis, magna tellus faucibus leo, in lobortis',16,'2016-08-28 13:38:45');
INSERT INTO "posts" (id,message,user_id,created_at) VALUES (95,'dolor. Donec fringilla.',57,'2016-01-02 20:10:09');
INSERT INTO "posts" (id,message,user_id,created_at) VALUES (96,'vitae, orci.',29,'2015-12-18 22:19:50');
INSERT INTO "posts" (id,message,user_id,created_at) VALUES (97,'sociis',33,'2015-05-26 23:46:47');
INSERT INTO "posts" (id,message,user_id,created_at) VALUES (98,'metus urna convallis erat, eget tincidunt dui augue',47,'2015-05-12 09:00:28');
INSERT INTO "posts" (id,message,user_id,created_at) VALUES (99,'vitae velit egestas lacinia. Sed',44,'2016-05-07 11:48:43');
INSERT INTO "posts" (id,message,user_id,created_at) VALUES (100,'Integer vitae nibh. Donec est mauris, rhoncus id, mollis',5,'2016-03-27 22:44:04');

-- Relations

INSERT INTO "relationships" (follower_id,followed_id,created_at) VALUES (54,6,'2016-02-28 08:01:41'),(41,89,'2017-03-26 01:13:18'),(85,55,'2016-10-29 07:26:41'),(53,71,'2016-08-12 17:55:36'),(20,19,'2016-02-03 03:04:54'),(5,3,'2016-10-24 02:23:54'),(89,62,'2017-07-06 16:31:57'),(74,65,'2015-10-25 08:45:15'),(29,98,'2016-11-30 05:10:02'),(72,7,'2017-04-25 19:55:18'),(65,23,'2015-12-09 08:18:02'),(99,6,'2016-12-05 05:47:30'),(78,1,'2016-08-15 15:55:42'),(21,42,'2016-09-24 23:43:52'),(88,7,'2016-05-09 16:49:04'),(76,4,'2016-08-09 08:57:34'),(19,56,'2016-11-28 18:41:51'),(19,5,'2015-08-14 03:32:59'),(2,40,'2017-02-11 10:53:35'),(2,22,'2016-05-27 13:11:09'),(99,14,'2016-02-13 20:48:05'),(36,92,'2016-11-01 23:30:27'),(32,38,'2016-10-28 10:29:43'),(54,92,'2016-08-24 19:39:35'),(38,40,'2015-11-25 01:46:44'),(89,74,'2017-04-13 04:55:24'),(71,57,'2016-12-17 20:23:22'),(11,79,'2017-03-11 02:47:41'),(95,5,'2016-06-30 07:35:42'),(40,48,'2015-12-17 12:35:07'),(45,5,'2017-05-01 13:17:08'),(79,83,'2016-10-23 20:12:14'),(23,27,'2016-06-02 13:50:05'),(15,44,'2017-03-11 03:52:13'),(21,84,'2016-05-08 12:15:12'),(72,79,'2017-06-02 12:03:36'),(80,33,'2016-03-23 15:51:11'),(66,63,'2015-09-29 03:39:39'),(94,64,'2016-09-19 05:02:44'),(30,13,'2017-01-25 08:16:09'),(38,27,'2017-01-14 13:04:05'),(26,93,'2016-11-26 01:17:40'),(94,51,'2016-04-14 10:54:26'),(81,15,'2017-05-11 01:25:45'),(56,99,'2016-01-27 12:49:59'),(2,20,'2016-01-28 15:01:00'),(28,56,'2016-02-22 10:52:34'),(1,15,'2016-02-07 15:19:07'),(53,27,'2017-02-07 01:16:14'),(81,24,'2017-05-14 03:44:23'),(34,68,'2016-10-31 13:19:56'),(55,58,'2015-12-01 22:29:30'),(84,51,'2017-02-06 15:37:27'),(88,30,'2017-05-20 17:03:48'),(81,83,'2015-10-12 13:47:49'),(64,3,'2017-06-10 06:52:37'),(54,90,'2017-06-21 20:43:24'),(12,23,'2017-07-29 10:37:47'),(19,87,'2016-04-11 08:05:00'),(55,62,'2016-05-17 14:34:56'),(82,27,'2016-02-27 09:18:30'),(93,43,'2016-03-06 15:29:00'),(32,55,'2016-07-24 23:41:47'),(89,26,'2015-10-20 07:04:06'),(84,73,'2015-08-21 22:13:06'),(33,49,'2016-07-24 04:07:00'),(2,38,'2015-09-19 13:13:48'),(69,47,'2017-05-01 09:47:05'),(69,30,'2016-06-27 22:40:21'),(68,76,'2016-07-17 23:08:27'),(8,91,'2015-10-31 15:27:47'),(46,76,'2017-05-09 11:40:31'),(55,25,'2015-09-29 20:26:49'),(2,77,'2016-08-10 04:58:35'),(73,3,'2016-05-10 08:34:53'),(62,46,'2017-04-03 07:20:00'),(83,40,'2017-04-24 11:56:39'),(13,34,'2016-04-29 16:26:36'),(97,59,'2016-04-29 20:17:04'),(1,72,'2017-07-08 01:15:38'),(87,48,'2015-11-24 11:06:09'),(33,85,'2015-12-17 00:13:56'),(32,58,'2016-12-27 08:46:32'),(82,55,'2017-03-20 19:40:11'),(97,5,'2015-10-12 16:27:11'),(1,5,'2016-12-07 17:55:19'),(88,8,'2017-05-06 03:10:29'),(84,77,'2016-07-27 14:12:26'),(39,2,'2016-06-23 15:50:47'),(54,44,'2016-04-06 21:11:34'),(85,25,'2016-06-11 02:47:39'),(76,48,'2016-04-11 23:35:08'),(12,12,'2016-05-09 21:44:23'),(35,77,'2017-04-28 12:34:49'),(4,50,'2017-05-21 13:21:07'),(44,64,'2017-04-27 16:19:09'),(91,18,'2015-10-11 20:15:55'),(26,1,'2017-05-10 20:32:03'),(79,60,'2016-08-29 04:34:43'),(90,58,'2017-02-17 20:27:24');